Mobile Country Code,Mobile Network Code,ISO Country Code,Country,Country Code,Network Operator
289,68,ge,Abkhazia,7,A-Mobile
289,88,ge,Abkhazia,7,A-Mobile
289,67,ge,Abkhazia,7,Aquafon
412,01,af,Afghanistan,93,AWCC
412,50,af,Afghanistan,93,Etisalat
412,80,af,Afghanistan,93,Mobifone
412,88,af,Afghanistan,93,Mobifone
412,40,af,Afghanistan,93,MTN
412,20,af,Afghanistan,93,Roshan
276,03,al,Albania,355,ALBtelecom Mobile / Eagle
276,01,al,Albania,355,One / AMC
276,02,al,Albania,355,Vodafone
603,02,dz,Algeria,213,Djezzy
603,01,dz,Algeria,213,Mobilis
603,03,dz,Algeria,213,Ooredoo
544,780,as,American Samoa,684,ASTCA Mobile
544,11,as,American Samoa,684,BlueSky
213,03,ad,Andorra,376,Andorra Telecom / Mobiland
631,04,ao,Angola,244,MoviCel
631,02,ao,Angola,244,Unitel
365,850,ai,Anguilla,1264,Digicel
365,840,ai,Anguilla,1264,Flow
344,93,ag,Antigua and Barbuda,1268,Digicel
344,930,ag,Antigua and Barbuda,1268,Digicel
344,92,ag,Antigua and Barbuda,1268,Flow
344,920,ag,Antigua and Barbuda,1268,Flow
344,03,ag,Antigua and Barbuda,1268,imobile / APUA
344,030,ag,Antigua and Barbuda,1268,imobile / APUA
722,031,ar,Argentina,54,Claro
722,320,ar,Argentina,54,Claro
722,310,ar,Argentina,54,Claro
722,330,ar,Argentina,54,Claro
722,070,ar,Argentina,54,Movistar
722,007,ar,Argentina,54,Movistar
722,010,ar,Argentina,54,Movistar
722,034,ar,Argentina,54,Personal
722,341,ar,Argentina,54,Personal
722,340,ar,Argentina,54,Personal
283,01,am,Armenia,374,Beeline
283,04,am,Armenia,374,KT
283,10,am,Armenia,374,Orange
283,05,am,Armenia,374,Viva-MTS
363,02,aw,Aruba,297,Digicel
363,01,aw,Aruba,297,SETAR
505,30,au,Australia,61,Compatel
505,19,au,Australia,61,Lycamobile
505,35,au,Australia,61,MessageBird
505,10,au,Australia,61,Norfolk Telecom
505,90,au,Australia,61,Optus
505,50,au,Australia,61,Pivotel
505,88,au,Australia,61,Pivotel
505,13,au,Australia,61,RailCorp
505,26,au,Australia,61,Sinch
505,02,au,Australia,61,Optus
505,71,au,Australia,61,Telstra
505,72,au,Australia,61,Telstra
505,01,au,Australia,61,Telstra
505,11,au,Australia,61,Telstra
505,39,au,Australia,61,Telstra
505,16,au,Australia,61,VicTrack
505,07,au,Australia,61,Vodafone
505,03,au,Australia,61,Vodafone
505,06,au,Australia,61,Vodafone
505,12,au,Australia,61,Vodafone
232,10,at,Austria,43,3
232,14,at,Austria,43,3
232,19,at,Austria,43,3
232,05,at,Austria,43,3
232,16,at,Austria,43,3
232,11,at,Austria,43,A1 Telekom
232,02,at,Austria,43,A1 Telekom
232,12,at,Austria,43,A1 Telekom
232,09,at,Austria,43,A1 Telekom
232,01,at,Austria,43,A1 Telekom
232,25,at,Austria,43,Holding Graz
232,26,at,Austria,43,LIWEST Mobil
232,08,at,Austria,43,Lycamobile
232,17,at,Austria,43,MRS
232,20,at,Austria,43,Mtel
232,91,at,Austria,43,OBB Infrastruktur
232,22,at,Austria,43,Plintron
232,24,at,Austria,43,Smartel Services
232,18,at,Austria,43,smartspace
232,23,at,Austria,43,T-Mobile / Magenta
232,04,at,Austria,43,T-Mobile / Magenta
232,03,at,Austria,43,T-Mobile / Magenta
232,13,at,Austria,43,T-Mobile / Magenta
232,27,at,Austria,43,Tismi
232,07,at,Austria,43,Ventocom
400,01,az,Azerbaijan,994,Azercell
400,02,az,Azerbaijan,994,Bakcell
400,03,az,Azerbaijan,994,FONEX
400,04,az,Azerbaijan,994,Nar Mobile
400,06,az,Azerbaijan,994,Naxtel
364,490,bs,Bahamas,1242,Aliv
364,390,bs,Bahamas,1242,Cybercell / BaTelCo
364,39,bs,Bahamas,1242,Cybercell / BaTelCo
364,30,bs,Bahamas,1242,Cybercell / BaTelCo
426,01,bh,Bahrain,973,Batelco
426,05,bh,Bahrain,973,Royal Court
426,04,bh,Bahrain,973,VIVA
426,02,bh,Bahrain,973,Zain
470,02,bd,Bangladesh,880,Airtel
470,07,bd,Bangladesh,880,Airtel
470,03,bd,Bangladesh,880,Banglalink
470,01,bd,Bangladesh,880,GrameenPhone
470,04,bd,Bangladesh,880,TeleTalk
342,050,bb,Barbados,1246,Digicel
342,600,bb,Barbados,1246,Flow / Lime
257,04,by,Belarus,375,life:)
257,02,by,Belarus,375,MTS
257,01,by,Belarus,375,velcom A1
206,20,be,Belgium,32,Base
206,28,be,Belgium,32,BICS
206,25,be,Belgium,32,Dense Air
206,23,be,Belgium,32,Dust Mobile
206,33,be,Belgium,32,Ericsson
206,02,be,Belgium,32,Infrabel
206,99,be,Belgium,32,Lancelot
206,06,be,Belgium,32,Lycamobile
206,30,be,Belgium,32,Mobile Vikings
206,10,be,Belgium,32,Mobistar / Orange
206,34,be,Belgium,32,onoff
206,04,be,Belgium,32,Proximus
206,00,be,Belgium,32,Proximus
206,01,be,Belgium,32,Proximus
206,05,be,Belgium,32,Telenet
206,07,be,Belgium,32,Vectone Mobile
206,08,be,Belgium,32,VOOmobile
702,67,bz,Belize,501,DigiCell
702,69,bz,Belize,501,Smart
702,099,bz,Belize,501,Smart
616,02,bj,Benin,229,Moov
616,03,bj,Benin,229,MTN
350,01,bm,Bermuda,1441,Digicel
350,000,bm,Bermuda,1441,One
402,17,bt,Bhutan,975,B-Mobile
402,11,bt,Bhutan,975,B-Mobile
402,77,bt,Bhutan,975,TashiCell
736,02,bo,Bolivia,591,Entel Movil
736,03,bo,Bolivia,591,Tigo
736,01,bo,Bolivia,591,Viva
218,90,ba,Bosnia and Herzegovina,387,BH Mobile
218,03,ba,Bosnia and Herzegovina,387,Eronet
218,05,ba,Bosnia and Herzegovina,387,m:tel
652,04,bw,Botswana,267,beMobile
652,01,bw,Botswana,267,Mascom
652,02,bw,Botswana,267,Orange
724,32,br,Brazil,55,Algar Telecom
724,33,br,Brazil,55,Algar Telecom
724,34,br,Brazil,55,Algar Telecom
724,26,br,Brazil,55,Americanet
724,05,br,Brazil,55,Claro
724,38,br,Brazil,55,Claro
724,21,br,Brazil,55,Ligue
724,39,br,Brazil,55,Claro-nxt/Nextel
724,00,br,Brazil,55,Claro-nxt/Nextel
724,16,br,Brazil,55,Oi Movel
724,31,br,Brazil,55,Oi Movel
724,15,br,Brazil,55,Sercomtel
724,17,br,Brazil,55,Surf
724,04,br,Brazil,55,TIM
724,54,br,Brazil,55,TIM
724,03,br,Brazil,55,TIM
724,02,br,Brazil,55,TIM
724,10,br,Brazil,55,Vivo
724,11,br,Brazil,55,Vivo
724,23,br,Brazil,55,Vivo
724,06,br,Brazil,55,Vivo
348,570,vg,British Virgin Islands,284,CCT
348,770,vg,British Virgin Islands,284,Digicel
348,170,vg,British Virgin Islands,284,Flow
528,02,bn,Brunei,673,Progresif Cellular / B-Mobile
528,11,bn,Brunei,673,DST
528,03,bn,Brunei,673,DST
528,01,bn,Brunei,673,imagine
284,01,bg,Bulgaria,359,A1
284,11,bg,Bulgaria,359,Bulsatcom
284,13,bg,Bulgaria,359,T.com
284,05,bg,Bulgaria,359,Telenor
284,03,bg,Bulgaria,359,Vivacom
613,02,bf,Burkina Faso,226,Orange
613,03,bf,Burkina Faso,226,Telecel
613,01,bf,Burkina Faso,226,Telmob
642,82,bi,Burundi,257,Leo
642,01,bi,Burundi,257,Leo
642,08,bi,Burundi,257,Lumitel
642,03,bi,Burundi,257,ONAMOB
642,07,bi,Burundi,257,Smart
456,04,kh,Cambodia,855,QB
456,18,kh,Cambodia,855,Cellcard
456,01,kh,Cambodia,855,Cellcard
456,16,kh,Cambodia,855,CooTel
456,08,kh,Cambodia,855,Metfone
456,11,kh,Cambodia,855,Seatel
456,05,kh,Cambodia,855,Smart
456,06,kh,Cambodia,855,Smart
456,02,kh,Cambodia,855,Smart
624,01,cm,Cameroon,237,MTN
624,04,cm,Cameroon,237,Nextel
624,02,cm,Cameroon,237,Orange
302,660,ca,Canada,1,Bell Mobility
302,630,ca,Canada,1,Bell Mobility
302,690,ca,Canada,1,Bell Mobility
302,610,ca,Canada,1,Bell Mobility
302,69,ca,Canada,1,Bell Mobility
302,64,ca,Canada,1,Bell Mobility
302,640,ca,Canada,1,Bell Mobility
302,61,ca,Canada,1,Bell Mobility
302,66,ca,Canada,1,Bell Mobility
302,63,ca,Canada,1,Bell Mobility
302,270,ca,Canada,1,eastlink
302,37,ca,Canada,1,Fido
302,370,ca,Canada,1,Fido
302,491,ca,Canada,1,Freedom Mobile
302,490,ca,Canada,1,Freedom Mobile
302,49,ca,Canada,1,Freedom Mobile
302,62,ca,Canada,1,Ice Wireless
302,620,ca,Canada,1,Ice Wireless
302,53,ca,Canada,1,K-Net Mobile
302,380,ca,Canada,1,K-Net Mobile
302,530,ca,Canada,1,K-Net Mobile
302,38,ca,Canada,1,K-Net Mobile
302,320,ca,Canada,1,Rogers
302,820,ca,Canada,1,Rogers
302,72,ca,Canada,1,Rogers
302,720,ca,Canada,1,Rogers
302,721,ca,Canada,1,Rogers
302,32,ca,Canada,1,Rogers
302,82,ca,Canada,1,Rogers
302,680,ca,Canada,1,SaskTel Mobility
302,780,ca,Canada,1,SaskTel Mobility
302,781,ca,Canada,1,SaskTel Mobility
302,75,ca,Canada,1,SaskTel Mobility
302,68,ca,Canada,1,SaskTel Mobility
302,681,ca,Canada,1,SaskTel Mobility
302,750,ca,Canada,1,SaskTel Mobility
302,78,ca,Canada,1,SaskTel Mobility
302,86,ca,Canada,1,Telus Mobility
302,22,ca,Canada,1,Telus Mobility
302,760,ca,Canada,1,Telus Mobility
302,22,ca,Canada,1,Telus Mobility
302,860,ca,Canada,1,Telus Mobility
302,360,ca,Canada,1,Telus Mobility
302,221,ca,Canada,1,Telus Mobility
302,36,ca,Canada,1,Telus Mobility
302,76,ca,Canada,1,Telus Mobility
302,220,ca,Canada,1,Telus Mobility
302,510,ca,Canada,1,Videotron
302,500,ca,Canada,1,Videotron
302,51,ca,Canada,1,Videotron
302,520,ca,Canada,1,Videotron
302,50,ca,Canada,1,Videotron
625,01,cv,Cape Verde,238,CVMovel
625,02,cv,Cape Verde,238,Unitel T+
346,050,ky,Cayman Islands,1345,Digicel
346,140,ky,Cayman Islands,1345,Flow / Lime
346,001,ky,Cayman Islands,1345,Logic
623,04,cf,Central African Republic,236,Azur
623,01,cf,Central African Republic,236,Moov
623,03,cf,Central African Republic,236,Orange
623,02,cf,Central African Republic,236,Telecel
622,01,td,Chad,235,Airtel
622,03,td,Chad,235,Moov
622,04,td,Chad,235,Salam
730,22,cl,Chile,56,Cellplus
730,11,cl,Chile,56,Celupago
730,15,cl,Chile,56,Cibeles Telecom
730,27,cl,Chile,56,Cibeles Telecom
730,23,cl,Chile,56,Claro
730,03,cl,Chile,56,Claro
730,17,cl,Chile,56,Compatel
730,18,cl,Chile,56,Empresas Bunker
730,10,cl,Chile,56,Entel
730,01,cl,Chile,56,Entel
730,06,cl,Chile,56,INNET
730,20,cl,Chile,56,Inversiones Santa Fe
730,19,cl,Chile,56,Movil Falabella
730,02,cl,Chile,56,Movistar
730,07,cl,Chile,56,Movistar
730,14,cl,Chile,56,Netline
730,16,cl,Chile,56,Nomade Telecomunicaciones
730,12,cl,Chile,56,Telestar
730,13,cl,Chile,56,Virgin Mobile
730,08,cl,Chile,56,VTR Movil
730,09,cl,Chile,56,WOM
730,05,cl,Chile,56,WOM
730,04,cl,Chile,56,WOM
460,07,cn,China,86,China Mobile
460,00,cn,China,86,China Mobile
460,08,cn,China,86,China Mobile
460,02,cn,China,86,China Mobile
460,04,cn,China,86,China Mobile
460,11,cn,China,86,China Telecom
460,12,cn,China,86,China Telecom
460,03,cn,China,86,China Telecom
460,09,cn,China,86,China Unicom
460,10,cn,China,86,China Unicom
460,06,cn,China,86,China Unicom
460,01,cn,China,86,China Unicom
732,130,co,Colombia,57,Avantel
732,101,co,Colombia,57,Claro
732,666,co,Colombia,57,Claro
732,002,co,Colombia,57,Edatel
732,187,co,Colombia,57,eTb
732,240,co,Colombia,57,Flash Mobile
732,220,co,Colombia,57,Libre Tecnologias
732,001,co,Colombia,57,Movistar
732,123,co,Colombia,57,Movistar
732,230,co,Colombia,57,Setroc Mobile
732,199,co,Colombia,57,SUMA movil
732,103,co,Colombia,57,Tigo
732,165,co,Colombia,57,Tigo
732,111,co,Colombia,57,Tigo
732,142,co,Colombia,57,UNE
732,020,co,Colombia,57,UNE
732,154,co,Colombia,57,Virgin Mobile
732,360,co,Colombia,57,WOM
654,01,km,Comoros,269,HURI
654,02,km,Comoros,269,Telma
629,01,cg,Congo,242,Airtel
629,10,cg,Congo,242,MTN
629,07,cg,Congo,242,Warid
548,01,ck,Cook Islands,682,Vodafone / Bluesky
712,03,cr,Costa Rica,506,Claro
712,02,cr,Costa Rica,506,Kolbi / ICE
712,01,cr,Costa Rica,506,Kolbi / ICE
712,04,cr,Costa Rica,506,Movistar
219,10,hr,Croatia,385,A1 / VIP
219,01,hr,Croatia,385,T-Mobile
219,12,hr,Croatia,385,TELE FOCUS
219,02,hr,Croatia,385,Telemach / Tele2
368,01,cu,Cuba,53,Cubacel
280,22,cy,Cyprus,357,Cablenet / Lemontel
280,02,cy,Cyprus,357,Cytamobile-Vodafone
280,01,cy,Cyprus,357,Cytamobile-Vodafone
280,10,cy,Cyprus,357,Epic / MTN
280,20,cy,Cyprus,357,PrimeTel
230,08,cz,Czech Republic,420,Compatel
230,04,cz,Czech Republic,420,Nordic Telecom
230,02,cz,Czech Republic,420,O2
230,05,cz,Czech Republic,420,PODA
230,98,cz,Czech Republic,420,SZDC
230,07,cz,Czech Republic,420,T-Mobile
230,01,cz,Czech Republic,420,T-Mobile
230,09,cz,Czech Republic,420,Uniphone
230,03,cz,Czech Republic,420,Vodafone
630,90,cd,Democratic Republic of Congo,243,Africell
630,02,cd,Democratic Republic of Congo,243,Airtel
630,86,cd,Democratic Republic of Congo,243,Orange
630,05,cd,Democratic Republic of Congo,243,Supercell
630,01,cd,Democratic Republic of Congo,243,Vodacom
630,88,cd,Democratic Republic of Congo,243,Yozma Timeturns
238,06,dk,Denmark,45,3
238,23,dk,Denmark,45,Banedanmark
238,88,dk,Denmark,45,Cobira
238,13,dk,Denmark,45,Compatel
238,17,dk,Denmark,45,Gotanet
238,42,dk,Denmark,45,Greenwave
238,28,dk,Denmark,45,LINK Mobility
238,12,dk,Denmark,45,Lycamobile
238,14,dk,Denmark,45,Monty Mobile
238,15,dk,Denmark,45,Net 1
238,04,dk,Denmark,45,Nexcon.io
238,73,dk,Denmark,45,Onomondo
238,30,dk,Denmark,45,Pareteum
238,03,dk,Denmark,45,Syniverse
238,10,dk,Denmark,45,TDC
238,01,dk,Denmark,45,TDC
238,77,dk,Denmark,45,Telenor
238,02,dk,Denmark,45,Telenor
238,96,dk,Denmark,45,Telia
238,20,dk,Denmark,45,Telia
238,16,dk,Denmark,45,Tismi
238,25,dk,Denmark,45,Viahub
238,08,dk,Denmark,45,Voxbone / Bandwidth
638,01,dj,Djibouti,253,Evatis
366,050,dm,Dominica,1767,Digicel
366,110,dm,Dominica,1767,Flow
370,02,do,Dominican Republic,1809,Claro
370,01,do,Dominican Republic,1809,Orange / Altice
370,04,do,Dominican Republic,1809,Viva
514,03,tl,East Timor,670,Telemor
514,01,tl,East Timor,670,Telkomcel
514,02,tl,East Timor,670,Timor Telecom
740,01,ec,Ecuador,593,Claro
740,02,ec,Ecuador,593,CNT movil
740,00,ec,Ecuador,593,Movistar
602,03,eg,Egypt,20,Etisalat
602,01,eg,Egypt,20,Orange
602,02,eg,Egypt,20,Vodafone
602,04,eg,Egypt,20,WE
706,01,sv,El Salvador,503,Claro
706,02,sv,El Salvador,503,Digicel
706,04,sv,El Salvador,503,Movistar
706,05,sv,El Salvador,503,RED
706,03,sv,El Salvador,503,Tigo
627,03,gq,Equatorial Guinea,240,Muni
627,01,gq,Equatorial Guinea,240,Orange
657,01,er,Eritrea,291,Eritel
248,02,ee,Estonia,372,Elisa
248,03,ee,Estonia,372,Tele2
248,13,ee,Estonia,372,Telia
248,01,ee,Estonia,372,Telia
248,04,ee,Estonia,372,TravelSim
636,01,et,Ethiopia,251,Ethio Mobile
636,02,et,Ethiopia,251,Safaricom
750,001,fk,Falkland Islands,500,Sure
288,01,fo,Faroe Islands,298,Faroese Telecom
288,02,fo,Faroe Islands,298,Hey / Kall
288,03,fo,Faroe Islands,298,Tosa
542,02,fj,Fiji,679,DigiCell
542,01,fj,Fiji,679,Vodafone
244,14,fi,Finland,358,Alcom
244,26,fi,Finland,358,Compatel
244,04,fi,Finland,358,DNA
244,03,fi,Finland,358,DNA
244,13,fi,Finland,358,DNA
244,12,fi,Finland,358,DNA
244,21,fi,Finland,358,Elisa
244,05,fi,Finland,358,Elisa
244,06,fi,Finland,358,Elisa
244,24,fi,Finland,358,Nord Connect
244,09,fi,Finland,358,NSN
244,07,fi,Finland,358,NSN
244,39,fi,Finland,358,NSN
244,38,fi,Finland,358,NSN
244,08,fi,Finland,358,NSN
244,41,fi,Finland,358,NSN
244,40,fi,Finland,358,NSN
244,43,fi,Finland,358,Telavox
244,36,fi,Finland,358,Telia
244,91,fi,Finland,358,Telia
244,15,fi,Finland,358,Telit
244,37,fi,Finland,358,Tismi
244,35,fi,Finland,358,Ukko Mobile
244,42,fi,Finland,358,Viahub
244,47,fi,Finland,358,VIRVE
244,46,fi,Finland,358,VIRVE
244,45,fi,Finland,358,VIRVE
244,33,fi,Finland,358,VIRVE
244,32,fi,Finland,358,Voxbone / Bandwidth
208,28,fr,France,33,Airmob
208,88,fr,France,33,Bouygues Telecom
208,21,fr,France,33,Bouygues Telecom
208,20,fr,France,33,Bouygues Telecom
208,34,fr,France,33,Cellhire
208,27,fr,France,33,Coriolis
208,16,fr,France,33,Free Mobile
208,15,fr,France,33,Free Mobile
208,36,fr,France,33,Free Mobile
208,35,fr,France,33,Free Mobile
208,94,fr,France,33,Halys
208,89,fr,France,33,Hub One
208,37,fr,France,33,IP Directions
208,38,fr,France,33,Lebara
208,17,fr,France,33,Legos
208,25,fr,France,33,Lycamobile
208,03,fr,France,33,MobiquiThings
208,24,fr,France,33,MobiquiThings
208,39,fr,France,33,Networth Telecom
208,26,fr,France,33,NRJ
208,01,fr,France,33,Orange
208,02,fr,France,33,Orange
208,91,fr,France,33,Orange
208,32,fr,France,33,Orange
208,11,fr,France,33,SFR
208,08,fr,France,33,SFR
208,10,fr,France,33,SFR
208,13,fr,France,33,SFR
208,09,fr,France,33,SFR
208,30,fr,France,33,Syma Mobile
208,22,fr,France,33,Transatel
208,12,fr,France,33,Truphone
208,31,fr,France,33,Vectone Mobile
547,20,pf,French Polynesia,689,Vini
547,15,pf,French Polynesia,689,Vodafone
628,03,ga,Gabon,241,Airtel
628,01,ga,Gabon,241,Libertis
607,02,gm,Gambia,220,Africel
607,03,gm,Gambia,220,Comium
607,01,gm,Gambia,220,Gamcel
607,04,gm,Gambia,220,QCell
282,04,ge,Georgia,995,Beeline
282,01,ge,Georgia,995,Geocell
282,07,ge,Georgia,995,GlobalCell
282,02,ge,Georgia,995,MagtiCom
282,11,ge,Georgia,995,Mobilive
282,22,ge,Georgia,995,MyPhone
282,10,ge,Georgia,995,Premium Net
282,08,ge,Georgia,995,Silknet
282,12,ge,Georgia,995,Telecom 1
262,23,de,Germany,49,1&1
262,10,de,Germany,49,DB Netz
262,14,de,Germany,49,Lebara
262,43,de,Germany,49,Lycamobile
262,13,de,Germany,49,T-mobile
262,25,de,Germany,49,Mtel
262,21,de,Germany,49,Multiconnect
262,22,de,Germany,49,sipgate
262,12,de,Germany,49,sipgate
262,06,de,Germany,49,T-mobile
262,01,de,Germany,49,T-mobile
262,78,de,Germany,49,T-mobile
262,24,de,Germany,49,TelcoVillage
262,20,de,Germany,49,Telefonica / O2
262,03,de,Germany,49,Telefonica / O2
262,05,de,Germany,49,Telefonica / O2
262,17,de,Germany,49,Telefonica / O2
262,08,de,Germany,49,Telefonica / O2
262,16,de,Germany,49,Telefonica / O2
262,07,de,Germany,49,Telefonica / O2
262,11,de,Germany,49,Telefonica / O2
262,42,de,Germany,49,Truphone
262,09,de,Germany,49,Vodafone
262,04,de,Germany,49,Vodafone
262,02,de,Germany,49,Vodafone
620,03,gh,Ghana,233,Airtel
620,06,gh,Ghana,233,Airtel
620,07,gh,Ghana,233,Glo
620,01,gh,Ghana,233,MTN
620,05,gh,Ghana,233,National Security
620,08,gh,Ghana,233,Surfline
620,02,gh,Ghana,233,Vodafone
266,01,gi,Gibraltar,350,Gibtel
202,15,gr,Greece,30,BWS
202,02,gr,Greece,30,Cosmote
202,01,gr,Greece,30,Cosmote
202,16,gr,Greece,30,Inter Telecom
202,04,gr,Greece,30,OSE
202,03,gr,Greece,30,OTE
202,05,gr,Greece,30,Vodafone
202,10,gr,Greece,30,Wind
202,09,gr,Greece,30,Wind
202,12,gr,Greece,30,Yuboto
290,01,gl,Greenland,299,Tele Greenland
352,050,gd,Grenada,1473,Digicel
352,110,gd,Grenada,1473,Flow
340,08,gf,Guadeloupe and Martinique and French Guiana,594,Amigo
340,20,gf,Guadeloupe and Martinique and French Guiana,594,Digicel
340,04,gf,Guadeloupe and Martinique and French Guiana,594,Free
340,01,gf,Guadeloupe and Martinique and French Guiana,594,Orange
340,02,gf,Guadeloupe and Martinique and French Guiana,594,SFR
310,370,gu,Guam,1671,Docomo Pacific
310,470,gu,Guam,1671,Docomo Pacific
310,140,gu,Guam,1671,GTA
310,110,gu,Guam,1671,IT&E
704,01,gt,Guatemala,502,Claro
704,03,gt,Guatemala,502,Movistar
704,02,gt,Guatemala,502,Tigo
611,05,gn,Guinea,224,Cellcom
611,04,gn,Guinea,224,MTN
611,01,gn,Guinea,224,Orange
632,01,gw,Guinea-Bissau,245,Guinetel
632,02,gw,Guinea-Bissau,245,MTN
632,03,gw,Guinea-Bissau,245,Orange
738,02,gy,Guyana,592,Cellink
738,01,gy,Guyana,592,Digicel
372,02,ht,Haiti,509,Digicel
372,03,ht,Haiti,509,Natcom
708,01,hn,Honduras,504,Claro
708,001,hn,Honduras,504,Claro
708,30,hn,Honduras,504,HonduTel
708,030,hn,Honduras,504,HonduTel
708,02,hn,Honduras,504,Tigo
708,002,hn,Honduras,504,Tigo
454,04,hk,Hong Kong,852,3
454,03,hk,Hong Kong,852,3
454,14,hk,Hong Kong,852,3
454,05,hk,Hong Kong,852,3
454,13,hk,Hong Kong,852,China Mobile
454,32,hk,Hong Kong,852,HKBN
454,12,hk,Hong Kong,852,China Mobile
454,30,hk,Hong Kong,852,China Mobile
454,07,hk,Hong Kong,852,China Unicom
454,11,hk,Hong Kong,852,CHKTL
454,01,hk,Hong Kong,852,Citic
454,31,hk,Hong Kong,852,CTExcel
454,36,hk,Hong Kong,852,Eascotel
454,394,hk,Hong Kong,852,Government
454,398,hk,Hong Kong,852,Government
454,393,hk,Hong Kong,852,Government
454,28,hk,Hong Kong,852,Government
454,397,hk,Hong Kong,852,Government
454,27,hk,Hong Kong,852,Government
454,392,hk,Hong Kong,852,Government
454,26,hk,Hong Kong,852,Government
454,25,hk,Hong Kong,852,Government
454,396,hk,Hong Kong,852,Government
454,391,hk,Hong Kong,852,Government
454,395,hk,Hong Kong,852,Government
454,390,hk,Hong Kong,852,Government
454,24,hk,Hong Kong,852,Multibyte
454,06,hk,Hong Kong,852,SmarTone
454,15,hk,Hong Kong,852,SmarTone
454,17,hk,Hong Kong,852,SmarTone
454,20,hk,Hong Kong,852,SUN Mobile / CSL
454,18,hk,Hong Kong,852,SUN Mobile / CSL
454,19,hk,Hong Kong,852,SUN Mobile / CSL
454,16,hk,Hong Kong,852,SUN Mobile / CSL
454,02,hk,Hong Kong,852,SUN Mobile / CSL
454,00,hk,Hong Kong,852,SUN Mobile / CSL
454,10,hk,Hong Kong,852,SUN Mobile / CSL
454,08,hk,Hong Kong,852,Tru
454,35,hk,Hong Kong,852,Webbing
216,03,hu,Hungary,36,Digi
216,02,hu,Hungary,36,MVM NET
216,30,hu,Hungary,36,Telekom
216,01,hu,Hungary,36,Telenor
216,70,hu,Hungary,36,Vodafone
274,11,is,Iceland,354,NOVA
274,31,is,Iceland,354,Siminn
274,08,is,Iceland,354,Siminn
274,01,is,Iceland,354,Siminn
274,16,is,Iceland,354,Tismi
274,04,is,Iceland,354,Viking Wireless
274,12,is,Iceland,354,Vodafone
274,02,is,Iceland,354,Vodafone
274,03,is,Iceland,354,Vodafone
405,90,in,India,91,Airtel
405,91,in,India,91,Aircel
405,17,in,India,91,Aircel
404,37,in,India,91,Aircel
405,96,in,India,91,Airtel
404,33,in,India,91,Aircel
405,16,in,India,91,Airtel
405,35,in,India,91,Aircel
405,92,in,India,91,Airtel
404,17,in,India,91,Aircel
405,02,in,India,91,Airtel
405,25,in,India,91,Aircel
405,97,in,India,91,Airtel
404,29,in,India,91,Aircel
405,31,in,India,91,Airtel
405,37,in,India,91,Aircel
405,93,in,India,91,Airtel
405,03,in,India,91,Airtel
405,28,in,India,91,Aircel
405,98,in,India,91,Airtel
404,28,in,India,91,Aircel
405,49,in,India,91,Airtel
405,41,in,India,91,Aircel
404,42,in,India,91,Aircel
405,94,in,India,91,Airtel
405,06,in,India,91,Airtel
405,29,in,India,91,Aircel
404,35,in,India,91,Aircel
405,70,in,India,91,Airtel
404,25,in,India,91,Aircel
405,42,in,India,91,Aircel
404,91,in,India,91,Aircel
404,41,in,India,91,Aircel
405,95,in,India,91,Airtel
405,10,in,India,91,Airtel
405,33,in,India,91,Aircel
404,95,in,India,91,Airtel
404,70,in,India,91,Airtel
404,06,in,India,91,Airtel
404,94,in,India,91,Airtel
404,49,in,India,91,Airtel
404,98,in,India,91,Airtel
404,03,in,India,91,Airtel
404,93,in,India,91,Airtel
404,31,in,India,91,Airtel
404,97,in,India,91,Airtel
404,02,in,India,91,Airtel
404,92,in,India,91,Airtel
404,16,in,India,91,Airtel
404,96,in,India,91,Airtel
404,90,in,India,91,Airtel
404,10,in,India,91,Airtel
404,73,in,India,91,BSNL Mobile
405,38,in,India,91,BSNL Mobile
404,34,in,India,91,BSNL Mobile
405,74,in,India,91,BSNL Mobile
404,62,in,India,91,BSNL Mobile
405,57,in,India,91,BSNL Mobile
404,77,in,India,91,BSNL Mobile
405,81,in,India,91,BSNL Mobile
404,54,in,India,91,BSNL Mobile
405,66,in,India,91,BSNL Mobile
404,72,in,India,91,BSNL Mobile
405,51,in,India,91,BSNL Mobile
405,75,in,India,91,BSNL Mobile
404,59,in,India,91,BSNL Mobile
405,58,in,India,91,BSNL Mobile
404,76,in,India,91,BSNL Mobile
404,53,in,India,91,BSNL Mobile
405,71,in,India,91,BSNL Mobile
404,71,in,India,91,BSNL Mobile
405,53,in,India,91,BSNL Mobile
405,76,in,India,91,BSNL Mobile
404,58,in,India,91,BSNL Mobile
405,59,in,India,91,BSNL Mobile
404,75,in,India,91,BSNL Mobile
404,51,in,India,91,BSNL Mobile
405,72,in,India,91,BSNL Mobile
404,66,in,India,91,BSNL Mobile
405,54,in,India,91,BSNL Mobile
404,81,in,India,91,BSNL Mobile
405,77,in,India,91,BSNL Mobile
404,57,in,India,91,BSNL Mobile
405,62,in,India,91,BSNL Mobile
404,74,in,India,91,BSNL Mobile
405,34,in,India,91,BSNL Mobile
404,38,in,India,91,BSNL Mobile
405,73,in,India,91,BSNL Mobile
404,64,in,India,91,BSNL Mobile
405,55,in,India,91,BSNL Mobile
404,80,in,India,91,BSNL Mobile
405,80,in,India,91,BSNL Mobile
404,55,in,India,91,BSNL Mobile
405,64,in,India,91,BSNL Mobile
404,69,in,India,91,Dolphin
405,69,in,India,91,Dolphin
404,68,in,India,91,Garuda
405,68,in,India,91,Garuda
405,846,in,India,91,Idea
404,12,in,India,91,Idea
405,14,in,India,91,Idea
404,845,in,India,91,Idea
405,853,in,India,91,Idea
405,56,in,India,91,Idea
404,24,in,India,91,Idea
404,850,in,India,91,Idea
405,848,in,India,91,Idea
404,07,in,India,91,Idea
405,19,in,India,91,Idea
404,82,in,India,91,Idea
405,87,in,India,91,Idea
404,89,in,India,91,Idea
405,78,in,India,91,Idea
404,22,in,India,91,Idea
405,04,in,India,91,Idea
404,849,in,India,91,Idea
405,849,in,India,91,Idea
404,04,in,India,91,Idea
405,22,in,India,91,Idea
404,78,in,India,91,Idea
405,89,in,India,91,Idea
404,87,in,India,91,Idea
405,82,in,India,91,Idea
404,19,in,India,91,Idea
405,07,in,India,91,Idea
404,848,in,India,91,Idea
405,850,in,India,91,Idea
405,24,in,India,91,Idea
404,56,in,India,91,Idea
404,853,in,India,91,Idea
405,845,in,India,91,Idea
404,14,in,India,91,Idea
405,12,in,India,91,Idea
404,846,in,India,91,Idea
405,852,in,India,91,Idea
405,44,in,India,91,Idea
404,44,in,India,91,Idea
404,852,in,India,91,Idea
405,865,in,India,91,Jio
404,866,in,India,91,Jio
405,856,in,India,91,Jio
405,870,in,India,91,Jio
404,871,in,India,91,Jio
404,862,in,India,91,Jio
405,861,in,India,91,Jio
404,855,in,India,91,Jio
405,866,in,India,91,Jio
404,867,in,India,91,Jio
404,858,in,India,91,Jio
405,857,in,India,91,Jio
405,871,in,India,91,Jio
404,872,in,India,91,Jio
405,862,in,India,91,Jio
404,863,in,India,91,Jio
405,867,in,India,91,Jio
404,868,in,India,91,Jio
404,859,in,India,91,Jio
405,858,in,India,91,Jio
405,872,in,India,91,Jio
404,873,in,India,91,Jio
405,863,in,India,91,Jio
404,864,in,India,91,Jio
404,856,in,India,91,Jio
405,854,in,India,91,Jio
405,861,in,India,91,Jio
405,868,in,India,91,Jio
404,869,in,India,91,Jio
404,860,in,India,91,Jio
405,859,in,India,91,Jio
405,873,in,India,91,Jio
405,864,in,India,91,Jio
404,865,in,India,91,Jio
404,857,in,India,91,Jio
405,855,in,India,91,Jio
405,869,in,India,91,Jio
404,870,in,India,91,Jio
404,861,in,India,91,Jio
405,860,in,India,91,Jio
404,854,in,India,91,Jio
405,874,in,India,91,Jio
404,874,in,India,91,Jio
404,21,in,India,91,Loop Mobile
405,21,in,India,91,Loop Mobile
404,67,in,India,91,Reliance Mobile
405,36,in,India,91,Reliance Mobile
404,23,in,India,91,Reliance Mobile
405,85,in,India,91,Reliance Mobile
405,08,in,India,91,Reliance Mobile
404,83,in,India,91,Reliance Mobile
404,08,in,India,91,Reliance Mobile
405,50,in,India,91,Reliance Mobile
404,36,in,India,91,Reliance Mobile
405,09,in,India,91,Reliance Mobile
404,85,in,India,91,Reliance Mobile
404,09,in,India,91,Reliance Mobile
405,52,in,India,91,Reliance Mobile
404,50,in,India,91,Reliance Mobile
405,18,in,India,91,Reliance Mobile
405,67,in,India,91,Reliance Mobile
404,52,in,India,91,Reliance Mobile
405,23,in,India,91,Reliance Mobile
404,18,in,India,91,Reliance Mobile
405,83,in,India,91,Reliance Mobile
405,46,in,India,91,Vodafone
404,20,in,India,91,Vodafone
405,20,in,India,91,Vodafone
404,01,in,India,91,Vodafone
404,46,in,India,91,Vodafone
405,60,in,India,91,Vodafone
405,05,in,India,91,Vodafone
404,15,in,India,91,Vodafone
404,88,in,India,91,Vodafone
405,27,in,India,91,Vodafone
404,43,in,India,91,Vodafone
405,84,in,India,91,Vodafone
405,11,in,India,91,Vodafone
404,13,in,India,91,Vodafone
404,86,in,India,91,Vodafone
405,30,in,India,91,Vodafone
404,30,in,India,91,Vodafone
405,86,in,India,91,Vodafone
405,13,in,India,91,Vodafone
404,11,in,India,91,Vodafone
404,84,in,India,91,Vodafone
405,43,in,India,91,Vodafone
405,01,in,India,91,Vodafone
404,27,in,India,91,Vodafone
405,88,in,India,91,Vodafone
405,15,in,India,91,Vodafone
404,05,in,India,91,Vodafone
404,60,in,India,91,Vodafone
510,89,id,Indonesia,62,3
510,62,id,Indonesia,62,Indosat Ooredoo
510,01,id,Indonesia,62,Indosat Ooredoo
510,21,id,Indonesia,62,Indosat Ooredoo
510,27,id,Indonesia,62,Net1
510,09,id,Indonesia,62,Smartfren
510,99,id,Indonesia,62,Smartfren
510,28,id,Indonesia,62,Smartfren
510,10,id,Indonesia,62,Telkomsel
510,20,id,Indonesia,62,Telkomsel
510,11,id,Indonesia,62,XL
510,08,id,Indonesia,62,XL
901,67,n/a,International Networks,882,1NCE
901,76,n/a,International Networks,882,A1
901,14,n/a,International Networks,882,AeroMobile
901,81,n/a,International Networks,882,Airnity
901,82,n/a,International Networks,882,AnyNet
901,24,n/a,International Networks,882,Bandwidth
901,55,n/a,International Networks,882,Beezz
901,58,n/a,International Networks,882,BICS
901,70,n/a,International Networks,882,Bubbletone
901,18,n/a,International Networks,882,Cingular Wireless Network
901,16,n/a,International Networks,882,Cisco Jasper
901,48,n/a,International Networks,882,Com4 Sweden
901,73,n/a,International Networks,882,Cubic
901,42,n/a,International Networks,882,DCN Hub
901,40,n/a,International Networks,882,Deutsche Telekom
901,50,n/a,International Networks,882,EchoStar Mobile
901,43,n/a,International Networks,882,EMnify
901,13,n/a,International Networks,882,GSM.AQ
901,22,n/a,International Networks,882,i-lincc
901,11,n/a,International Networks,882,Inmarsat
901,20,n/a,International Networks,882,Intermatica
901,03,n/a,International Networks,882,Iridium
901,69,n/a,International Networks,882,Legos
901,66,n/a,International Networks,882,Limitless
901,52,n/a,International Networks,882,Manx Telecom
901,19,n/a,International Networks,882,Maritime Roaming Service
901,12,n/a,International Networks,882,MCP
901,59,n/a,International Networks,882,MessageBird
901,27,n/a,International Networks,882,Monaco Telecom
901,84,n/a,International Networks,882,Movistar
901,38,n/a,International Networks,882,MTT
901,39,n/a,International Networks,882,MTX Connect
901,17,n/a,International Networks,882,Navitas Telecom
901,79,n/a,International Networks,882,Nokia
901,85,n/a,International Networks,882,O2
901,15,n/a,International Networks,882,OnAir
901,41,n/a,International Networks,882,One Network
901,47,n/a,International Networks,882,Ooredoo
901,31,n/a,International Networks,882,Orange
901,65,n/a,International Networks,882,Plintron
901,75,n/a,International Networks,882,Pod
901,57,n/a,International Networks,882,SAP
901,33,n/a,International Networks,882,SMART
901,78,n/a,International Networks,882,Sparkle
901,64,n/a,International Networks,882,Syniverse
901,72,n/a,International Networks,882,Tele2
901,29,n/a,International Networks,882,Telenor Connexion
901,05,n/a,International Networks,882,Thuraya RMSS
901,37,n/a,International Networks,882,Transatel
901,62,n/a,International Networks,882,Twilio
901,34,n/a,International Networks,882,tyntec
901,51,n/a,International Networks,882,VisionNG
901,21,n/a,International Networks,882,Wins
432,11,ir,Iran,98,MCI
432,19,ir,Iran,98,MTCE
432,35,ir,Iran,98,MTN IranCell
432,20,ir,Iran,98,RighTel
432,01,ir,Iran,98,SamanTel
432,08,ir,Iran,98,Shatel Mobile
432,32,ir,Iran,98,Taliya
432,14,ir,Iran,98,Telekish
418,05,iq,Iraq,964,Asia Cell
418,40,iq,Iraq,964,Korek
418,45,iq,Iraq,964,Mobitel
418,20,iq,Iraq,964,Zain
418,30,iq,Iraq,964,Zain
272,02,ie,Ireland,353,3
272,05,ie,Ireland,353,3
272,17,ie,Ireland,353,3
272,16,ie,Ireland,353,Carphone Mobile
272,13,ie,Ireland,353,Lycamobile
272,07,ie,Ireland,353,Meteor
272,08,ie,Ireland,353,Meteor
272,03,ie,Ireland,353,Meteor
272,11,ie,Ireland,353,Tesco Mobile
272,15,ie,Ireland,353,Virgin Media
272,01,ie,Ireland,353,Vodafone
425,19,il,Israel,972,019 Mobile
425,23,il,Israel,972,Beezz
425,02,il,Israel,972,Cellcom
425,08,il,Israel,972,Golan Telecom
425,15,il,Israel,972,Home Cellular
425,07,il,Israel,972,Hot Mobile
425,77,il,Israel,972,Hot Mobile
425,13,il,Israel,972,Ituran
425,22,il,Israel,972,Maskyoo
425,01,il,Israel,972,Orange
425,03,il,Israel,972,Pelephone
425,12,il,Israel,972,Pelephone
425,16,il,Israel,972,Rami Levy Communications
425,17,il,Israel,972,Von waves
425,09,il,Israel,972,We4G
425,14,il,Israel,972,YouPhone
222,40,it,Italy,39,Agile Telecom
222,34,it,Italy,39,BT mobile
222,53,it,Italy,39,CoopVoce
222,36,it,Italy,39,Digi
222,42,it,Italy,39,Enel
222,08,it,Italy,39,Fastweb
222,99,it,Italy,39,WindTre / Hi3G
222,50,it,Italy,39,Iliad
222,39,it,Italy,39,SMS.it / LINK Mobility
222,35,it,Italy,39,Lycamobile
222,07,it,Italy,39,Noverca Italia
222,54,it,Italy,39,Plintron
222,33,it,Italy,39,Poste Mobile
222,999,it,Italy,39,Premium Numbers
222,58,it,Italy,39,rdcom
222,30,it,Italy,39,RFI
222,56,it,Italy,39,spusu
222,48,it,Italy,39,Telecom Italia Mobile
222,43,it,Italy,39,Telecom Italia Mobile
222,01,it,Italy,39,TIM
222,44,it,Italy,39,Mundio
222,51,it,Italy,39,ho.
222,49,it,Italy,39,Vianova Mobile
222,10,it,Italy,39,Vodafone
222,06,it,Italy,39,Vodafone
222,88,it,Italy,39,WindTre / WIND
222,37,it,Italy,39,WindTre / Hi3G
612,02,ci,Ivory Coast,225,Moov
612,05,ci,Ivory Coast,225,MTN
612,03,ci,Ivory Coast,225,Orange
338,050,jm,Jamaica,1876,Digicel
338,180,jm,Jamaica,1876,Flow
338,110,jm,Jamaica,1876,Flow
440,52,jp,Japan,81,KDDI
440,73,jp,Japan,81,KDDI
440,53,jp,Japan,81,KDDI
440,74,jp,Japan,81,KDDI
440,54,jp,Japan,81,KDDI
440,70,jp,Japan,81,KDDI
440,75,jp,Japan,81,KDDI
440,50,jp,Japan,81,KDDI
440,71,jp,Japan,81,KDDI
440,76,jp,Japan,81,KDDI
440,51,jp,Japan,81,KDDI
440,72,jp,Japan,81,KDDI
440,10,jp,Japan,81,NTT DoCoMo
440,78,jp,Japan,81,Okinawa Cellular
440,11,jp,Japan,81,Rakuten Mobile
440,05,jp,Japan,81,SoftBank
440,00,jp,Japan,81,SoftBank
440,01,jp,Japan,81,SoftBank
440,20,jp,Japan,81,SoftBank
440,21,jp,Japan,81,SoftBank
416,77,jo,Jordan,962,Orange
416,03,jo,Jordan,962,Umniah
416,01,jo,Jordan,962,Zain
401,07,kz,Kazakhstan,7,Altel
401,01,kz,Kazakhstan,7,Beeline
401,08,kz,Kazakhstan,7,Kazakhstan Online
401,02,kz,Kazakhstan,7,Kcell
401,77,kz,Kazakhstan,7,Tele2
639,05,ke,Kenya,254,Airtel
639,03,ke,Kenya,254,Airtel
639,06,ke,Kenya,254,Finserve Africa
639,09,ke,Kenya,254,Homeland Media
639,12,ke,Kenya,254,Infura
639,11,ke,Kenya,254,Jambo Telcoms
639,10,ke,Kenya,254,Jamii Telecommunications
639,04,ke,Kenya,254,Mobile Pay
639,02,ke,Kenya,254,Safaricom
639,01,ke,Kenya,254,Safaricom
639,07,ke,Kenya,254,Telkom
545,01,ki,Kiribati,686,FrigateNet
545,09,ki,Kiribati,686,FrigateNet
221,07,xk,Kosovo,383,D3 mobile
221,02,xk,Kosovo,383,IPKO
221,01,xk,Kosovo,383,Vala
419,03,kw,Kuwait,965,Ooredoo
419,04,kw,Kuwait,965,Viva
419,02,kw,Kuwait,965,Zain
437,01,kg,Kyrgyzstan,996,Beeline
437,06,kg,Kyrgyzstan,996,KT Mobile
437,05,kg,Kyrgyzstan,996,MegaCom
437,09,kg,Kyrgyzstan,996,O!
437,10,kg,Kyrgyzstan,996,Saima
437,03,kg,Kyrgyzstan,996,Fonex
457,08,la,Laos,856,Beeline
457,02,la,Laos,856,ETL Mobile
457,01,la,Laos,856,LTC
457,03,la,Laos,856,Unitel
247,05,lv,Latvia,371,Bite
247,10,lv,Latvia,371,LMT
247,01,lv,Latvia,371,LMT
247,02,lv,Latvia,371,Tele2
247,04,lv,Latvia,371,Tet
247,03,lv,Latvia,371,TRIATEL
247,08,lv,Latvia,371,VENTA Mobile
247,09,lv,Latvia,371,XOmobile
415,01,lb,Lebanon,961,Alfa
415,03,lb,Lebanon,961,Touch
651,02,ls,Lesotho,266,Econet
651,01,ls,Lesotho,266,Vodacom
618,01,lr,Liberia,231,MTN / Lonestar
618,04,lr,Liberia,231,Novafone
618,07,lr,Liberia,231,Orange
606,01,ly,Libya,218,Al-Madar
606,00,ly,Libya,218,Libyana
606,03,ly,Libya,218,LibyaPhone Mobile
295,02,li,Liechtenstein,423,7acht
295,06,li,Liechtenstein,423,CUBIC
295,09,li,Liechtenstein,423,EMnify
295,01,li,Liechtenstein,423,FL GSM
295,05,li,Liechtenstein,423,FL1
246,02,lt,Lithuania,370,Bite
246,05,lt,Lithuania,370,LTG
246,06,lt,Lithuania,370,Mediafon
246,03,lt,Lithuania,370,Tele2
246,01,lt,Lithuania,370,Telia
270,10,lu,Luxembourg,352,Blue Communications
270,81,lu,Luxembourg,352,e-LUX Mobile
270,05,lu,Luxembourg,352,Luxembourg Online
270,99,lu,Luxembourg,352,Orange
270,01,lu,Luxembourg,352,Post
270,77,lu,Luxembourg,352,Tango
455,03,mo,Macao,853,3
455,05,mo,Macao,853,3
455,02,mo,Macao,853,China Telecom
455,07,mo,Macao,853,China Telecom
455,04,mo,Macao,853,CTM
455,01,mo,Macao,853,CTM
455,06,mo,Macao,853,SmarTone
455,00,mo,Macao,853,SmarTone
646,01,mg,Madagascar,261,Airtel
646,02,mg,Madagascar,261,Orange
646,04,mg,Madagascar,261,Telma
650,10,mw,Malawi,265,Airtel
650,01,mw,Malawi,265,TNM
502,156,my,Malaysia,60,Altel Communications
502,11,my,Malaysia,60,Telekom Malaysia
502,14,my,Malaysia,60,Telekom Malaysia
502,19,my,Malaysia,60,Celcom
502,13,my,Malaysia,60,Celcom
502,10,my,Malaysia,60,DiGi
502,16,my,Malaysia,60,DiGi
502,17,my,Malaysia,60,Maxis
502,12,my,Malaysia,60,Maxis
502,150,my,Malaysia,60,Tune Talk
502,18,my,Malaysia,60,U Mobile
502,153,my,Malaysia,60,Webe Digital
502,195,my,Malaysia,60,XOX Com
502,152,my,Malaysia,60,Yes
472,01,mv,Maldives,960,DhiMobile
472,02,mv,Maldives,960,Ooredoo
610,01,ml,Mali,223,Malitel
610,02,ml,Mali,223,Orange
610,03,ml,Mali,223,Telecel
278,01,mt,Malta,356,Epic
278,30,mt,Malta,356,GO Mobile
278,21,mt,Malta,356,GO Mobile
278,77,mt,Malta,356,Melita
609,02,mr,Mauritania,222,Chinguitel
609,01,mr,Mauritania,222,Mattel
609,10,mr,Mauritania,222,Mauritel
617,03,mu,Mauritius,230,Chili
617,02,mu,Mauritius,230,Chili
617,10,mu,Mauritius,230,Emtel
617,01,mu,Mauritius,230,my.t mobile
647,01,yt,Mayotte,262,Maore Mobile
647,10,yt,Mayotte,262,SFR
334,140,mx,Mexico,52,ALTAN Redes
334,50,mx,Mexico,52,AT&T / IUSACell
334,050,mx,Mexico,52,AT&T / IUSACell
334,03,mx,Mexico,52,Movistar
334,030,mx,Mexico,52,Movistar
334,90,mx,Mexico,52,Nextel
334,010,mx,Mexico,52,Nextel
334,01,mx,Mexico,52,Nextel
334,060,mx,Mexico,52,SAI PCS
334,020,mx,Mexico,52,Telcel
334,02,mx,Mexico,52,Telcel
334,80,mx,Mexico,52,Unefon
334,70,mx,Mexico,52,Unefon
550,01,fm,Micronesia,691,FSMTCeLL
259,02,md,Moldova,373,Moldcell
259,01,md,Moldova,373,Orange
259,03,md,Moldova,373,Unite
259,05,md,Moldova,373,Unite
259,99,md,Moldova,373,Unite
212,10,mc,Monaco,377,Monaco Telecom
212,01,mc,Monaco,377,Monaco Telecom
428,98,mn,Mongolia,976,G-Mobile
428,99,mn,Mongolia,976,Mobicom
428,00,mn,Mongolia,976,Skytel
428,88,mn,Mongolia,976,Unitel
297,03,me,Montenegro,382,Mtel
297,02,me,Montenegro,382,Telekom / T-mobile
297,01,me,Montenegro,382,Telenor
354,860,ms,Montserrat,1664,Flow
604,01,ma,Morocco,212,IAM
604,02,ma,Morocco,212,inwi
604,05,ma,Morocco,212,inwi
604,00,ma,Morocco,212,Orange
643,03,mz,Mozambique,258,Movitel
643,01,mz,Mozambique,258,TMCEL
643,04,mz,Mozambique,258,Vodacom
414,03,mm,Myanmar,95,MecTel
414,00,mm,Myanmar,95,MPT
414,01,mm,Myanmar,95,MPT
414,09,mm,Myanmar,95,Mytel
414,05,mm,Myanmar,95,Ooredoo
414,06,mm,Myanmar,95,Telenor
649,01,na,Namibia,264,MTC
649,03,na,Namibia,264,TN Mobile
536,02,nr,Nauru,674,Digicel
429,03,np,Nepal,977,Hello Nepal
429,02,np,Nepal,977,Ncell
429,01,np,Nepal,977,Nepal Telecom
429,04,np,Nepal,977,Smart
429,00,np,Nepal,977,UTL
204,30,nl,Netherlands,31,ASPIDER Solutions
204,05,nl,Netherlands,31,ElephantTalk
204,00,nl,Netherlands,31,Intovoice
204,23,nl,Netherlands,31,KORE
204,12,nl,Netherlands,31,KPN
204,08,nl,Netherlands,31,KPN
204,10,nl,Netherlands,31,KPN
204,69,nl,Netherlands,31,KPN
204,27,nl,Netherlands,31,L-mobi
204,28,nl,Netherlands,31,Lancelot
204,98,nl,Netherlands,31,Lancelot
204,09,nl,Netherlands,31,Lycamobile
204,63,nl,Netherlands,31,MessageBird
204,07,nl,Netherlands,31,Move / Teleena
204,24,nl,Netherlands,31,Private Mobility
204,21,nl,Netherlands,31,ProRail
204,26,nl,Netherlands,31,SpeakUp
204,02,nl,Netherlands,31,T-Mobile
204,20,nl,Netherlands,31,T-Mobile
204,16,nl,Netherlands,31,T-Mobile
204,29,nl,Netherlands,31,Tismi
204,33,nl,Netherlands,31,Truphone
204,06,nl,Netherlands,31,Vectone Mobile
204,04,nl,Netherlands,31,Vodafone
204,03,nl,Netherlands,31,Voiceworks Mobile
204,15,nl,Netherlands,31,Ziggo
204,18,nl,Netherlands,31,Ziggo Services
362,91,an,Netherlands Antilles,599,Chippie
362,69,an,Netherlands Antilles,599,Digicel
362,51,an,Netherlands Antilles,599,TelCell
546,01,nc,New Caledonia,687,Mobilis
530,24,nz,New Zealand,64,2degrees
530,06,nz,New Zealand,64,Skinny Mobile
530,02,nz,New Zealand,64,Spark Mobile
530,05,nz,New Zealand,64,Spark Mobile
530,01,nz,New Zealand,64,Vodafone
710,73,ni,Nicaragua,505,Claro
710,21,ni,Nicaragua,505,Claro
710,68,ni,Nicaragua,505,CooTel
710,30,ni,Nicaragua,505,Movistar
614,02,ne,Niger,227,Airtel
614,03,ne,Niger,227,Moov
614,01,ne,Niger,227,Niger Telecoms
614,04,ne,Niger,227,Orange
621,60,ng,Nigeria,234,9mobile
621,20,ng,Nigeria,234,Airtel
621,50,ng,Nigeria,234,Glo Mobile
621,30,ng,Nigeria,234,MTN
621,40,ng,Nigeria,234,ntel
621,27,ng,Nigeria,234,Smile
555,01,nu,Niue,683,Telecom Niue
467,192,kp,North Korea,850,Koryolink
294,02,mk,North Macedonia,389,A1
294,03,mk,North Macedonia,389,A1
294,04,mk,North Macedonia,389,Lycamobile
294,11,mk,North Macedonia,389,Mobik
294,01,mk,North Macedonia,389,Telekom
242,22,no,Norway,47,Altibox Mobil
242,21,no,Norway,47,BANE NOR
242,20,no,Norway,47,BANE NOR
242,09,no,Norway,47,Com4
242,15,no,Norway,47,eRate
242,14,no,Norway,47,ICE
242,16,no,Norway,47,Iristel
242,23,no,Norway,47,Lycamobile
242,05,no,Norway,47,Network Norway
242,10,no,Norway,47,Nkom
242,06,no,Norway,47,ICE
242,12,no,Norway,47,Telenor
242,01,no,Norway,47,Telenor
242,02,no,Norway,47,Telia / NetCom
242,08,no,Norway,47,Telia / NetCom
422,02,om,Oman,968,Omantel Mobile
422,03,om,Oman,968,Ooredoo / Nawras
410,07,pk,Pakistan,92,Jazz
410,01,pk,Pakistan,92,Jazz
410,05,pk,Pakistan,92,SCO Mobile
410,06,pk,Pakistan,92,Telenor
410,03,pk,Pakistan,92,Ufone
410,04,pk,Pakistan,92,Zong
552,99,pw,Palau,680,Palau Mobile
552,01,pw,Palau,680,PalauCel
552,02,pw,Palau,680,PT Waves
425,05,ps,Palestinian Territory,970,Jawwal
425,06,ps,Palestinian Territory,970,Ooredoo
714,01,pa,Panama,507,+Movil
714,03,pa,Panama,507,Claro
714,04,pa,Panama,507,Digicel
714,02,pa,Panama,507,Movistar
714,020,pa,Panama,507,Movistar
537,01,pg,Papua New Guinea,675,BeMobile Vodafone
537,02,pg,Papua New Guinea,675,Citifon
537,03,pg,Papua New Guinea,675,Digicel
744,02,py,Paraguay,595,Claro
744,05,py,Paraguay,595,Personal
744,03,py,Paraguay,595,Personal
744,04,py,Paraguay,595,Tigo
744,01,py,Paraguay,595,VOX
716,10,pe,Peru,51,Claro
716,70,pe,Peru,51,Claro
716,20,pe,Peru,51,Claro
716,17,pe,Peru,51,Entel
716,06,pe,Peru,51,Movistar
716,07,pe,Peru,51,Entel
716,30,pe,Peru,51,Tuyo
716,15,pe,Peru,51,Viettel
515,66,ph,Philippines,63,DITO
515,02,ph,Philippines,63,Globe
515,01,ph,Philippines,63,Globe
515,03,ph,Philippines,63,Smart
515,05,ph,Philippines,63,Sun Cellular
260,04,pl,Poland,48,Aero2
260,17,pl,Poland,48,Aero2
260,16,pl,Poland,48,Aero2
260,15,pl,Poland,48,Aero2
260,48,pl,Poland,48,Agile Telecom
260,18,pl,Poland,48,AMD Telecom
260,32,pl,Poland,48,Compatel
260,12,pl,Poland,48,Cyfrowy Polsat
260,41,pl,Poland,48,EZ Mobile
260,09,pl,Poland,48,Lycamobile
260,49,pl,Poland,48,Messagebird
260,42,pl,Poland,48,MobiWeb
260,13,pl,Poland,48,Move
260,19,pl,Poland,48,NetBalt
260,07,pl,Poland,48,Netia
260,27,pl,Poland,48,Ntel Solutions
260,05,pl,Poland,48,Orange
260,03,pl,Poland,48,Orange
260,35,pl,Poland,48,PKP
260,98,pl,Poland,48,Play
260,06,pl,Poland,48,Play
260,11,pl,Poland,48,Plus
260,01,pl,Poland,48,Plus
260,97,pl,Poland,48,Politechnika Lodzka Uczelniane
260,90,pl,Poland,48,Polska Spolka Gazownictwa
260,14,pl,Poland,48,Move
260,47,pl,Poland,48,SMSHIGHWAY
260,34,pl,Poland,48,T-Mobile
260,02,pl,Poland,48,T-Mobile
260,10,pl,Poland,48,T-Mobile
260,14,pl,Poland,48,Telco Leaders
260,20,pl,Poland,48,Tismi
260,22,pl,Poland,48,Twilio
260,45,pl,Poland,48,Virgin Mobile
260,45,pl,Poland,48,Virgin Mobile
260,39,pl,Poland,48,Voxbone / Bandwidth
268,04,pt,Portugal,351,Lycamobile
268,08,pt,Portugal,351,MEO
268,06,pt,Portugal,351,MEO
268,80,pt,Portugal,351,MEO
268,03,pt,Portugal,351,NOS
268,93,pt,Portugal,351,NOS
268,91,pt,Portugal,351,Vodafone
268,01,pt,Portugal,351,Vodafone
330,30,pr,Puerto Rico,,AT&T Mobility
330,11,pr,Puerto Rico,,Claro
330,110,pr,Puerto Rico,,Claro
330,490,pr,Puerto Rico,,T-Mobile
427,06,qa,Qatar,974,Ooredoo
427,01,qa,Qatar,974,Ooredoo
427,02,qa,Qatar,974,Vodafone
647,03,re,Reunion,262,Only
647,02,re,Reunion,262,Only
647,00,re,Reunion,262,Orange
647,04,re,Reunion,262,ZEOP Mobile
226,05,ro,Romania,40,Digi Mobil
226,16,ro,Romania,40,Lycamobile
226,10,ro,Romania,40,Orange
226,02,ro,Romania,40,Telekom
226,03,ro,Romania,40,Telekom
226,01,ro,Romania,40,Vodafone
250,99,ru,Russia,79,Beeline
250,48,ru,Russia,79,Global Telecom
250,55,ru,Russia,79,Glonass
250,34,ru,Russia,79,Krymtelecom
250,54,ru,Russia,79,Letai Mobile
250,57,ru,Russia,79,Matrix Mobile
250,02,ru,Russia,79,Megafon
250,35,ru,Russia,79,Motiv
250,01,ru,Russia,79,MTS
250,42,ru,Russia,79,MTT
250,33,ru,Russia,79,SEVTELECOM
250,09,ru,Russia,79,Skylink
250,20,ru,Russia,79,Tele2
250,12,ru,Russia,79,Tele2
250,77,ru,Russia,79,Glonass
250,60,ru,Russia,79,Volna Mobile
250,32,ru,Russia,79,Win Mobile
250,11,ru,Russia,79,Yota
635,13,rw,Rwanda,250,Airtel
635,10,rw,Rwanda,250,MTN
356,70,kn,Saint Kitts and Nevis,1869,Chippie
356,070,kn,Saint Kitts and Nevis,1869,Chippie
356,050,kn,Saint Kitts and Nevis,1869,Digicel
356,50,kn,Saint Kitts and Nevis,1869,Digicel
356,110,kn,Saint Kitts and Nevis,1869,Flow
356,11,kn,Saint Kitts and Nevis,1869,Flow
358,05,lc,Saint Lucia,1758,Digicel
358,050,lc,Saint Lucia,1758,Digicel
358,110,lc,Saint Lucia,1758,Flow
358,11,lc,Saint Lucia,1758,Flow
308,01,pm,Saint Pierre and Miquelon,508,Ameris
308,03,pm,Saint Pierre and Miquelon,508,Ameris
308,02,pm,Saint Pierre and Miquelon,508,Globaltel
360,050,vc,Saint Vincent and the Grenadines,1784,Digicel
360,070,vc,Saint Vincent and the Grenadines,1784,Digicel
360,110,vc,Saint Vincent and the Grenadines,1784,Flow
549,27,ws,Samoa,685,BlueSky
549,01,ws,Samoa,685,Digicel
292,01,sm,San Marino,378,Prima
626,01,st,Sao Tome and Principe,239,CSTmovel
626,02,st,Sao Tome and Principe,239,Unitel
420,06,sa,Saudi Arabia,966,Lebara Mobile
420,03,sa,Saudi Arabia,966,Mobily
420,01,sa,Saudi Arabia,966,STC / Al Jawal
420,05,sa,Saudi Arabia,966,Virgin Mobile
420,04,sa,Saudi Arabia,966,Zain
608,03,sn,Senegal,221,Expresso
608,02,sn,Senegal,221,Free
608,04,sn,Senegal,221,HAYO
608,01,sn,Senegal,221,Orange
220,11,rs,Serbia,381,Globaltel
220,03,rs,Serbia,381,MTS
220,01,rs,Serbia,381,Telenor
220,20,rs,Serbia,381,VIP
220,05,rs,Serbia,381,VIP
633,10,sc,Seychelles,248,Airtel
633,01,sc,Seychelles,248,Cable & Wireless
633,05,sc,Seychelles,248,Intelvision
619,03,sl,Sierra Leone,232,Africell
619,05,sl,Sierra Leone,232,Africell
619,04,sl,Sierra Leone,232,Comium
619,25,sl,Sierra Leone,232,Mobitel
619,01,sl,Sierra Leone,232,Orange
619,07,sl,Sierra Leone,232,Qcell
525,09,sg,Singapore,65,Circles.Life
525,12,sg,Singapore,65,GRID
525,03,sg,Singapore,65,M1
525,11,sg,Singapore,65,M1
525,02,sg,Singapore,65,SingTel
525,01,sg,Singapore,65,SingTel
525,07,sg,Singapore,65,SingTel
525,05,sg,Singapore,65,Starhub
525,06,sg,Singapore,65,Starhub
525,08,sg,Singapore,65,Starhub
525,10,sg,Singapore,65,TPG Telecom
231,06,sk,Slovakia,421,O2
231,07,sk,Slovakia,421,Orange
231,01,sk,Slovakia,421,Orange
231,05,sk,Slovakia,421,Orange
231,03,sk,Slovakia,421,Swan / 4ka
231,04,sk,Slovakia,421,Telekom
231,50,sk,Slovakia,421,Telekom
231,02,sk,Slovakia,421,Telekom
231,08,sk,Slovakia,421,Uniphone
231,99,sk,Slovakia,421,ZSR
293,40,si,Slovenia,386,A1 / Si.mobil
293,20,si,Slovenia,386,Compatel
293,86,si,Slovenia,386,Elektro Gorenjska
293,41,si,Slovenia,386,Mobitel
293,10,si,Slovenia,386,Slovenske zeleznice
293,64,si,Slovenia,386,T-2
293,70,si,Slovenia,386,Telemach / Tusmobil
540,02,sb,Solomon Islands,677,bemobile
540,01,sb,Solomon Islands,677,Breeze
637,30,so,Somalia,252,Golis
637,19,so,Somalia,252,Hormuud
637,10,so,Somalia,252,Nationlink
637,70,so,Somalia,252,Onkod
637,04,so,Somalia,252,Somafone
637,71,so,Somalia,252,Somtel
637,82,so,Somalia,252,Telcom Mobile
637,01,so,Somalia,252,Telesom
655,07,za,South Africa,27,Cell C
655,12,za,South Africa,27,MTN
655,10,za,South Africa,27,MTN
655,38,za,South Africa,27,Rain
655,73,za,South Africa,27,Rain
655,19,za,South Africa,27,Rain
655,74,za,South Africa,27,Rain
655,05,za,South Africa,27,Telkom
655,02,za,South Africa,27,Telkom
655,01,za,South Africa,27,Vodacom
450,07,kr,South Korea,82,KT Powertel
450,06,kr,South Korea,82,LG U+
450,04,kr,South Korea,82,olleh / KT
450,08,kr,South Korea,82,olleh / KT
450,02,kr,South Korea,82,olleh / KT
450,11,kr,South Korea,82,SK Telecom
450,12,kr,South Korea,82,SK Telecom
450,05,kr,South Korea,82,SK Telecom
659,02,ss,South Sudan,,MTN
659,06,ss,South Sudan,,Zain
214,36,es,Spain,34,Alai
214,02,es,Spain,34,Alta Tecnologia en Comunicacions
214,14,es,Spain,34,Avatel Movil
214,22,es,Spain,34,Digi.Mobil
214,08,es,Spain,34,Euskaltel Movil
214,34,es,Spain,34,ION MOBILE
214,25,es,Spain,34,Lycamobile
214,17,es,Spain,34,mobil R
214,38,es,Spain,34,Movistar
214,07,es,Spain,34,Movistar
214,05,es,Spain,34,Movistar
214,21,es,Spain,34,Orange
214,09,es,Spain,34,Orange
214,03,es,Spain,34,Orange
214,19,es,Spain,34,Simyo
214,35,es,Spain,34,SUMA movil
214,16,es,Spain,34,mobil R
214,27,es,Spain,34,Truphone
214,12,es,Spain,34,Venus Movil
214,37,es,Spain,34,Vodafone
214,06,es,Spain,34,Vodafone
214,01,es,Spain,34,Vodafone
214,33,es,Spain,34,Yoigo
214,29,es,Spain,34,Yoigo
214,23,es,Spain,34,Yoigo
214,04,es,Spain,34,Yoigo
214,10,es,Spain,34,Zinnia
413,05,lk,Sri Lanka,94,Airtel
413,02,lk,Sri Lanka,94,Dialog
413,08,lk,Sri Lanka,94,Hutch
413,01,lk,Sri Lanka,94,Mobitel
634,03,sd,Sudan,249,MTN
634,02,sd,Sudan,249,MTN
634,07,sd,Sudan,249,Sudani One
634,01,sd,Sudan,249,Zain
634,06,sd,Sudan,249,Zain
746,03,sr,Suriname,597,Digicel
746,02,sr,Suriname,597,Telesur
653,02,sz,Swaziland,268,Eswatini Mobile
653,01,sz,Swaziland,268,Eswatini Telecom
653,10,sz,Swaziland,268,Swazi MTN
240,16,se,Sweden,46,
240,35,se,Sweden,46,42 Telecom
240,13,se,Sweden,46,A3
240,11,se,Sweden,46,Com Hem
240,09,se,Sweden,46,Com4
240,32,se,Sweden,46,Compatel
240,22,se,Sweden,46,EUtel
240,63,se,Sweden,46,Fink Telecom
240,18,se,Sweden,46,Messit / Minicall
240,27,se,Sweden,46,Globetouch
240,17,se,Sweden,46,Gotanet
240,02,se,Sweden,46,3
240,23,se,Sweden,46,Infobip
240,36,se,Sweden,46,interactive digital media / IDM
240,28,se,Sweden,46,LINK Mobility
240,12,se,Sweden,46,Lycamobile
240,29,se,Sweden,46,MI Carrier Services
240,33,se,Sweden,46,Mobile Arts
240,43,se,Sweden,46,MobiWeb
240,25,se,Sweden,46,Monty Mobile
240,40,se,Sweden,46,Netmore
240,39,se,Sweden,46,Primlight
240,31,se,Sweden,46,Rebtel
240,20,se,Sweden,46,Sierra Wireless
240,15,se,Sweden,46,
240,37,se,Sweden,46,Sinch
240,45,se,Sweden,46,Spirius
240,14,se,Sweden,46,Tele2
240,05,se,Sweden,46,Tele2
240,07,se,Sweden,46,Tele2
240,44,se,Sweden,46,Telenabler
240,42,se,Sweden,46,Telenor Connexion
240,04,se,Sweden,46,Telenor
240,08,se,Sweden,46,Telenor
240,01,se,Sweden,46,Telia
240,03,se,Sweden,46,Net 1
240,48,se,Sweden,46,Tismi
240,21,se,Sweden,46,Trafikverket
240,26,se,Sweden,46,Twilio
240,19,se,Sweden,46,Vectone Mobile
240,46,se,Sweden,46,Viahub
240,47,se,Sweden,46,Viatel
240,38,se,Sweden,46,Voxbone / Bandwidth
228,58,ch,Switzerland,41,Beeone
228,05,ch,Switzerland,41,Comfone
228,09,ch,Switzerland,41,Comfone
228,66,ch,Switzerland,41,Inovia
228,54,ch,Switzerland,41,Lycamobile
228,69,ch,Switzerland,41,MTEL
228,65,ch,Switzerland,41,Nexphone
228,51,ch,Switzerland,41,relario
228,03,ch,Switzerland,41,Salt Mobile
228,06,ch,Switzerland,41,SBB
228,02,ch,Switzerland,41,Sunrise
228,07,ch,Switzerland,41,Sunrise
228,08,ch,Switzerland,41,Sunrise
228,12,ch,Switzerland,41,Sunrise
228,60,ch,Switzerland,41,Sunrise
228,01,ch,Switzerland,41,Swisscom
228,62,ch,Switzerland,41,Telecom26
228,70,ch,Switzerland,41,Tismi
228,53,ch,Switzerland,41,UPC
228,59,ch,Switzerland,41,Vectone Mobile
417,02,sy,Syria,963,MTN
417,01,sy,Syria,963,Syriatel
466,05,tw,Taiwan,886,APT
466,12,tw,Taiwan,886,APT
466,92,tw,Taiwan,886,Chunghwa Telecom
466,11,tw,Taiwan,886,Chunghwa Telecom
466,88,tw,Taiwan,886,Far EasTone
466,01,tw,Taiwan,886,Far EasTone
466,03,tw,Taiwan,886,Far EasTone
466,89,tw,Taiwan,886,T Star
466,97,tw,Taiwan,886,Taiwan Mobile
436,04,tj,Tajikistan,992,Babilon-Mobile
436,03,tj,Tajikistan,992,Megafon
436,15,tj,Tajikistan,992,O-Mobile
436,01,tj,Tajikistan,992,Tcell
436,02,tj,Tajikistan,992,Tcell
436,05,tj,Tajikistan,992,Zet-Mobile
640,05,tz,Tanzania,255,Airtel
640,09,tz,Tanzania,255,Halotel / Viettel
640,99,tz,Tanzania,255,Mkulima African Telecommunication
640,14,tz,Tanzania,255,MO Mobile
640,11,tz,Tanzania,255,Smile Communications
640,07,tz,Tanzania,255,Tanzania Telecommunication Corporation
640,02,tz,Tanzania,255,Tigo / MIC
640,04,tz,Tanzania,255,Vodacom
640,13,tz,Tanzania,255,WiAfrica
640,03,tz,Tanzania,255,Zanzibar Telecom / Zantel
520,01,th,Thailand,66,AIS
520,03,th,Thailand,66,AIS
520,18,th,Thailand,66,dtac
520,05,th,Thailand,66,dtac TriNet
520,00,th,Thailand,66,my
520,47,th,Thailand,66,TOTmobile
520,15,th,Thailand,66,TOTmobile
520,04,th,Thailand,66,TrueMove H
615,03,tg,Togo,228,Atlantique Telecom / Moov
615,01,tg,Togo,228,Togo Cellulaire / TogoCel
539,43,to,Tonga,676,Digicel
539,88,to,Tonga,676,Digicel
539,01,to,Tonga,676,U-Call
374,12,tt,Trinidad and Tobago,1868,bmobile
374,130,tt,Trinidad and Tobago,1868,Digicel
605,06,tn,Tunisia,216,Lycamobile
605,03,tn,Tunisia,216,Ooredoo
605,01,tn,Tunisia,216,Orange
605,02,tn,Tunisia,216,TT Mobile
286,04,tr,Turkiye,90,Avea
286,03,tr,Turkiye,90,Avea
286,01,tr,Turkiye,90,Turkcell
286,02,tr,Turkiye,90,Vodafone
438,01,tm,Turkmenistan,993,MTS
438,02,tm,Turkmenistan,993,TMCELL
376,360,tc,Turks and Caicos Islands,,Digicel
376,050,tc,Turks and Caicos Islands,,Digicel
376,350,tc,Turks and Caicos Islands,,Flow
553,01,tv,Tuvalu,,Tuvalu Telecom
641,01,ug,Uganda,256,Airtel
641,22,ug,Uganda,256,Airtel
641,04,ug,Uganda,256,Lycamobile
641,11,ug,Uganda,256,Mango
641,10,ug,Uganda,256,MTN
641,33,ug,Uganda,256,Smile
255,07,ua,Ukraine,380,3Mob
255,04,ua,Ukraine,380,IT
255,02,ua,Ukraine,380,Kyivstar
255,03,ua,Ukraine,380,Kyivstar
255,06,ua,Ukraine,380,lifecell
255,21,ua,Ukraine,380,PEOPLEnet
255,99,ua,Ukraine,380,Phoenix
255,01,ua,Ukraine,380,Vodafone
424,03,ae,United Arab Emirates,971,DU
424,02,ae,United Arab Emirates,971,Etisalat
234,78,gb,United Kingdom,44,Airwave
234,29,gb,United Kingdom,44,aql
234,76,gb,United Kingdom,44,BT Group
234,00,gb,United Kingdom,44,BT Group
234,08,gb,United Kingdom,44,BT OnePhone
234,18,gb,United Kingdom,44,Cloud9
234,30,gb,United Kingdom,44,EE/Everything Everywhere
234,32,gb,United Kingdom,44,EE/Everything Everywhere
234,33,gb,United Kingdom,44,EE/Everything Everywhere
234,31,gb,United Kingdom,44,EE/Everything Everywhere
234,17,gb,United Kingdom,44,FlexTel
234,04,gb,United Kingdom,44,FMS Solutions
234,39,gb,United Kingdom,44,Gamma Mobile
234,24,gb,United Kingdom,44,Greenfone
234,72,gb,United Kingdom,44,Hanhaa Mobile
234,71,gb,United Kingdom,44,Home Office
234,94,gb,United Kingdom,44,3
234,20,gb,United Kingdom,44,3
234,23,gb,United Kingdom,44,Icron Network
234,03,gb,United Kingdom,44,Jersey Airtel
234,35,gb,United Kingdom,44,JSC Ingenicum
234,50,gb,United Kingdom,44,JT Mobile
234,14,gb,United Kingdom,44,LINK Mobility
234,26,gb,United Kingdom,44,Lycamobile
234,58,gb,United Kingdom,44,Manx Telecom Mobile
234,28,gb,United Kingdom,44,Marathon Telecom
234,75,gb,United Kingdom,44,Mass Response Service GmbH
234,56,gb,United Kingdom,44,NCSC
234,95,gb,United Kingdom,44,Network Rail
234,12,gb,United Kingdom,44,Network Rail
234,13,gb,United Kingdom,44,Network Rail
234,51,gb,United Kingdom,44,now broadband
234,34,gb,United Kingdom,44,Orange
234,74,gb,United Kingdom,44,Pareteum
234,57,gb,United Kingdom,44,Sky
234,40,gb,United Kingdom,44,spusu
234,55,gb,United Kingdom,44,Sure Guernsey
234,36,gb,United Kingdom,44,Sure Isle of Man
234,99,gb,United Kingdom,44,Sure Jersey
234,37,gb,United Kingdom,44,Synectiv
234,16,gb,United Kingdom,44,Talk Talk
234,27,gb,United Kingdom,44,Tata Communications Ltd
234,11,gb,United Kingdom,44,O2
234,10,gb,United Kingdom,44,O2
234,02,gb,United Kingdom,44,O2
234,22,gb,United Kingdom,44,Telesign Mobile
234,19,gb,United Kingdom,44,TeleWare
234,09,gb,United Kingdom,44,Tismi
234,25,gb,United Kingdom,44,Truphone
234,01,gb,United Kingdom,44,Vectone Mobile
234,38,gb,United Kingdom,44,Virgin Mobile
234,91,gb,United Kingdom,44,Vodafone
234,77,gb,United Kingdom,44,Vodafone
234,89,gb,United Kingdom,44,Vodafone
234,92,gb,United Kingdom,44,Vodafone
234,15,gb,United Kingdom,44,Vodafone
234,07,gb,United Kingdom,44,Vodafone
312,750,us,United States,1,Appalachian Wireless
310,130,us,United States,1,Appalachian Wireless
310,750,us,United States,1,Appalachian Wireless
312,130,us,United States,1,Appalachian Wireless
310,760,us,United States,1,ASTAC Cellular
312,760,us,United States,1,ASTAC Cellular
312,710,us,United States,1,ASTAC Cellular
310,710,us,United States,1,ASTAC Cellular
312,090,us,United States,1,AT&T Mobility
310,090,us,United States,1,AT&T Mobility
313,680,us,United States,1,AT&T Mobility
311,380,us,United States,1,AT&T Mobility
313,080,us,United States,1,AT&T Mobility
311,030,us,United States,1,AT&T Mobility
310,016,us,United States,1,AT&T Mobility
312,280,us,United States,1,AT&T Mobility
310,210,us,United States,1,AT&T Mobility
312,016,us,United States,1,AT&T Mobility
313,210,us,United States,1,AT&T Mobility
311,170,us,United States,1,AT&T Mobility
312,950,us,United States,1,AT&T Mobility
310,680,us,United States,1,AT&T Mobility
312,150,us,United States,1,AT&T Mobility
310,150,us,United States,1,AT&T Mobility
313,950,us,United States,1,AT&T Mobility
311,410,us,United States,1,AT&T Mobility
313,090,us,United States,1,AT&T Mobility
311,070,us,United States,1,AT&T Mobility
312,380,us,United States,1,AT&T Mobility
310,280,us,United States,1,AT&T Mobility
312,030,us,United States,1,AT&T Mobility
313,380,us,United States,1,AT&T Mobility
311,180,us,United States,1,AT&T Mobility
313,016,us,United States,1,AT&T Mobility
310,950,us,United States,1,AT&T Mobility
312,170,us,United States,1,AT&T Mobility
310,170,us,United States,1,AT&T Mobility
311,670,us,United States,1,AT&T Mobility
313,150,us,United States,1,AT&T Mobility
311,080,us,United States,1,AT&T Mobility
312,410,us,United States,1,AT&T Mobility
310,380,us,United States,1,AT&T Mobility
312,070,us,United States,1,AT&T Mobility
310,070,us,United States,1,AT&T Mobility
313,410,us,United States,1,AT&T Mobility
311,210,us,United States,1,AT&T Mobility
313,030,us,United States,1,AT&T Mobility
312,180,us,United States,1,AT&T Mobility
310,180,us,United States,1,AT&T Mobility
311,680,us,United States,1,AT&T Mobility
313,170,us,United States,1,AT&T Mobility
311,090,us,United States,1,AT&T Mobility
312,670,us,United States,1,AT&T Mobility
310,410,us,United States,1,AT&T Mobility
312,080,us,United States,1,AT&T Mobility
310,080,us,United States,1,AT&T Mobility
313,670,us,United States,1,AT&T Mobility
311,280,us,United States,1,AT&T Mobility
313,070,us,United States,1,AT&T Mobility
311,016,us,United States,1,AT&T Mobility
312,210,us,United States,1,AT&T Mobility
313,280,us,United States,1,AT&T Mobility
311,950,us,United States,1,AT&T Mobility
313,180,us,United States,1,AT&T Mobility
311,150,us,United States,1,AT&T Mobility
310,030,us,United States,1,AT&T Mobility
312,680,us,United States,1,AT&T Mobility
310,670,us,United States,1,AT&T Mobility
310,600,us,United States,1,Cellcom
310,630,us,United States,1,Choice Wireless
310,700,us,United States,1,cv cellular
310,880,us,United States,1,DTC Wireless
310,035,us,United States,1,ETEX
310,990,us,United States,1,Evolve
310,430,us,United States,1,GCI Wireless
311,430,us,United States,1,GCI Wireless
311,370,us,United States,1,GCI Wireless
311,690,us,United States,1,Limitless
312,340,us,United States,1,Limitless
310,340,us,United States,1,Limitless
312,690,us,United States,1,Limitless
310,690,us,United States,1,Limitless
311,340,us,United States,1,Limitless
310,540,us,United States,1,OWTC
313,360,us,United States,1,Pioneer Cellular
310,280,us,United States,1,Pioneer Cellular
311,280,us,United States,1,Pioneer Cellular
313,570,us,United States,1,Pioneer Cellular
311,360,us,United States,1,Pioneer Cellular
310,360,us,United States,1,Pioneer Cellular
311,570,us,United States,1,Pioneer Cellular
310,570,us,United States,1,Pioneer Cellular
313,280,us,United States,1,Pioneer Cellular
311,250,us,United States,1,T-Mobile
316,010,us,United States,1,T-Mobile
310,490,us,United States,1,T-Mobile
312,490,us,United States,1,T-Mobile
316,830,us,United States,1,T-Mobile
310,120,us,United States,1,T-Mobile
312,120,us,United States,1,T-Mobile
316,230,us,United States,1,T-Mobile
311,530,us,United States,1,T-Mobile
311,190,us,United States,1,T-Mobile
310,870,us,United States,1,T-Mobile
312,870,us,United States,1,T-Mobile
310,250,us,United States,1,T-Mobile
312,240,us,United States,1,T-Mobile
316,490,us,United States,1,T-Mobile
311,880,us,United States,1,T-Mobile
316,120,us,United States,1,T-Mobile
311,260,us,United States,1,T-Mobile
310,530,us,United States,1,T-Mobile
312,530,us,United States,1,T-Mobile
316,870,us,United States,1,T-Mobile
310,010,us,United States,1,T-Mobile
312,160,us,United States,1,T-Mobile
316,240,us,United States,1,T-Mobile
311,660,us,United States,1,T-Mobile
311,200,us,United States,1,T-Mobile
310,880,us,United States,1,T-Mobile
312,880,us,United States,1,T-Mobile
310,260,us,United States,1,T-Mobile
312,250,us,United States,1,T-Mobile
316,530,us,United States,1,T-Mobile
311,882,us,United States,1,T-Mobile
316,160,us,United States,1,T-Mobile
311,270,us,United States,1,T-Mobile
311,010,us,United States,1,T-Mobile
310,660,us,United States,1,T-Mobile
312,660,us,United States,1,T-Mobile
316,880,us,United States,1,T-Mobile
310,200,us,United States,1,T-Mobile
312,190,us,United States,1,T-Mobile
316,250,us,United States,1,T-Mobile
311,800,us,United States,1,T-Mobile
311,230,us,United States,1,T-Mobile
310,882,us,United States,1,T-Mobile
312,882,us,United States,1,T-Mobile
310,270,us,United States,1,T-Mobile
312,260,us,United States,1,T-Mobile
316,660,us,United States,1,T-Mobile
310,190,us,United States,1,T-Mobile
311,940,us,United States,1,T-Mobile
316,190,us,United States,1,T-Mobile
311,311,us,United States,1,T-Mobile
311,120,us,United States,1,T-Mobile
310,800,us,United States,1,T-Mobile
312,800,us,United States,1,T-Mobile
316,882,us,United States,1,T-Mobile
310,230,us,United States,1,T-Mobile
312,200,us,United States,1,T-Mobile
316,260,us,United States,1,T-Mobile
311,830,us,United States,1,T-Mobile
311,240,us,United States,1,T-Mobile
310,940,us,United States,1,T-Mobile
312,940,us,United States,1,T-Mobile
310,310,us,United States,1,T-Mobile
312,270,us,United States,1,T-Mobile
316,800,us,United States,1,T-Mobile
310,160,us,United States,1,T-Mobile
312,010,us,United States,1,T-Mobile
316,200,us,United States,1,T-Mobile
311,490,us,United States,1,T-Mobile
311,160,us,United States,1,T-Mobile
310,830,us,United States,1,T-Mobile
312,830,us,United States,1,T-Mobile
316,940,us,United States,1,T-Mobile
310,240,us,United States,1,T-Mobile
312,230,us,United States,1,T-Mobile
316,270,us,United States,1,T-Mobile
311,870,us,United States,1,T-Mobile
310,020,us,United States,1,Union Wireless
310,280,us,United States,1,Verizon Wireless
311,286,us,United States,1,Verizon Wireless
312,480,us,United States,1,Verizon Wireless
310,770,us,United States,1,Verizon Wireless
311,894,us,United States,1,Verizon Wireless
312,910,us,United States,1,Verizon Wireless
310,271,us,United States,1,Verizon Wireless
311,277,us,United States,1,Verizon Wireless
312,283,us,United States,1,Verizon Wireless
310,591,us,United States,1,Verizon Wireless
311,597,us,United States,1,Verizon Wireless
312,891,us,United States,1,Verizon Wireless
311,013,us,United States,1,Verizon Wireless
312,274,us,United States,1,Verizon Wireless
310,482,us,United States,1,Verizon Wireless
311,488,us,United States,1,Verizon Wireless
312,594,us,United States,1,Verizon Wireless
311,390,us,United States,1,Verizon Wireless
312,485,us,United States,1,Verizon Wireless
310,893,us,United States,1,Verizon Wireless
311,899,us,United States,1,Verizon Wireless
310,285,us,United States,1,Verizon Wireless
310,276,us,United States,1,Verizon Wireless
311,282,us,United States,1,Verizon Wireless
312,288,us,United States,1,Verizon Wireless
310,596,us,United States,1,Verizon Wireless
311,890,us,United States,1,Verizon Wireless
312,896,us,United States,1,Verizon Wireless
310,012,us,United States,1,Verizon Wireless
311,273,us,United States,1,Verizon Wireless
312,279,us,United States,1,Verizon Wireless
310,487,us,United States,1,Verizon Wireless
311,593,us,United States,1,Verizon Wireless
312,599,us,United States,1,Verizon Wireless
312,590,us,United States,1,Verizon Wireless
310,898,us,United States,1,Verizon Wireless
310,350,us,United States,1,Verizon Wireless
311,484,us,United States,1,Verizon Wireless
310,281,us,United States,1,Verizon Wireless
311,287,us,United States,1,Verizon Wireless
312,481,us,United States,1,Verizon Wireless
310,820,us,United States,1,Verizon Wireless
311,895,us,United States,1,Verizon Wireless
310,272,us,United States,1,Verizon Wireless
311,278,us,United States,1,Verizon Wireless
312,284,us,United States,1,Verizon Wireless
310,592,us,United States,1,Verizon Wireless
311,598,us,United States,1,Verizon Wireless
312,892,us,United States,1,Verizon Wireless
311,110,us,United States,1,Verizon Wireless
312,275,us,United States,1,Verizon Wireless
310,483,us,United States,1,Verizon Wireless
311,489,us,United States,1,Verizon Wireless
312,595,us,United States,1,Verizon Wireless
311,480,us,United States,1,Verizon Wireless
312,486,us,United States,1,Verizon Wireless
310,894,us,United States,1,Verizon Wireless
311,910,us,United States,1,Verizon Wireless
310,286,us,United States,1,Verizon Wireless
310,277,us,United States,1,Verizon Wireless
311,283,us,United States,1,Verizon Wireless
312,289,us,United States,1,Verizon Wireless
310,597,us,United States,1,Verizon Wireless
311,891,us,United States,1,Verizon Wireless
312,897,us,United States,1,Verizon Wireless
310,013,us,United States,1,Verizon Wireless
311,274,us,United States,1,Verizon Wireless
312,280,us,United States,1,Verizon Wireless
310,488,us,United States,1,Verizon Wireless
311,594,us,United States,1,Verizon Wireless
312,770,us,United States,1,Verizon Wireless
312,591,us,United States,1,Verizon Wireless
310,899,us,United States,1,Verizon Wireless
312,271,us,United States,1,Verizon Wireless
310,004,us,United States,1,Verizon Wireless
310,390,us,United States,1,Verizon Wireless
311,485,us,United States,1,Verizon Wireless
310,282,us,United States,1,Verizon Wireless
311,288,us,United States,1,Verizon Wireless
312,482,us,United States,1,Verizon Wireless
310,890,us,United States,1,Verizon Wireless
311,896,us,United States,1,Verizon Wireless
310,273,us,United States,1,Verizon Wireless
311,279,us,United States,1,Verizon Wireless
312,285,us,United States,1,Verizon Wireless
310,593,us,United States,1,Verizon Wireless
311,599,us,United States,1,Verizon Wireless
312,893,us,United States,1,Verizon Wireless
312,276,us,United States,1,Verizon Wireless
310,484,us,United States,1,Verizon Wireless
311,590,us,United States,1,Verizon Wireless
312,596,us,United States,1,Verizon Wireless
311,481,us,United States,1,Verizon Wireless
312,487,us,United States,1,Verizon Wireless
310,895,us,United States,1,Verizon Wireless
312,012,us,United States,1,Verizon Wireless
310,287,us,United States,1,Verizon Wireless
310,278,us,United States,1,Verizon Wireless
311,284,us,United States,1,Verizon Wireless
312,350,us,United States,1,Verizon Wireless
310,598,us,United States,1,Verizon Wireless
311,892,us,United States,1,Verizon Wireless
312,898,us,United States,1,Verizon Wireless
310,110,us,United States,1,Verizon Wireless
311,275,us,United States,1,Verizon Wireless
312,281,us,United States,1,Verizon Wireless
310,489,us,United States,1,Verizon Wireless
311,595,us,United States,1,Verizon Wireless
312,820,us,United States,1,Verizon Wireless
310,910,us,United States,1,Verizon Wireless
312,272,us,United States,1,Verizon Wireless
310,480,us,United States,1,Verizon Wireless
311,486,us,United States,1,Verizon Wireless
312,592,us,United States,1,Verizon Wireless
310,283,us,United States,1,Verizon Wireless
311,289,us,United States,1,Verizon Wireless
312,483,us,United States,1,Verizon Wireless
310,891,us,United States,1,Verizon Wireless
311,897,us,United States,1,Verizon Wireless
310,274,us,United States,1,Verizon Wireless
311,280,us,United States,1,Verizon Wireless
312,286,us,United States,1,Verizon Wireless
310,594,us,United States,1,Verizon Wireless
311,770,us,United States,1,Verizon Wireless
312,894,us,United States,1,Verizon Wireless
311,271,us,United States,1,Verizon Wireless
312,277,us,United States,1,Verizon Wireless
310,485,us,United States,1,Verizon Wireless
311,591,us,United States,1,Verizon Wireless
312,597,us,United States,1,Verizon Wireless
312,488,us,United States,1,Verizon Wireless
310,896,us,United States,1,Verizon Wireless
312,013,us,United States,1,Verizon Wireless
310,288,us,United States,1,Verizon Wireless
311,482,us,United States,1,Verizon Wireless
310,279,us,United States,1,Verizon Wireless
311,285,us,United States,1,Verizon Wireless
312,390,us,United States,1,Verizon Wireless
310,599,us,United States,1,Verizon Wireless
311,893,us,United States,1,Verizon Wireless
312,899,us,United States,1,Verizon Wireless
311,276,us,United States,1,Verizon Wireless
312,282,us,United States,1,Verizon Wireless
310,590,us,United States,1,Verizon Wireless
311,596,us,United States,1,Verizon Wireless
312,890,us,United States,1,Verizon Wireless
311,012,us,United States,1,Verizon Wireless
312,273,us,United States,1,Verizon Wireless
310,481,us,United States,1,Verizon Wireless
311,487,us,United States,1,Verizon Wireless
312,593,us,United States,1,Verizon Wireless
311,350,us,United States,1,Verizon Wireless
312,484,us,United States,1,Verizon Wireless
310,892,us,United States,1,Verizon Wireless
311,898,us,United States,1,Verizon Wireless
310,284,us,United States,1,Verizon Wireless
310,275,us,United States,1,Verizon Wireless
311,281,us,United States,1,Verizon Wireless
312,287,us,United States,1,Verizon Wireless
310,595,us,United States,1,Verizon Wireless
311,820,us,United States,1,Verizon Wireless
312,895,us,United States,1,Verizon Wireless
311,272,us,United States,1,Verizon Wireless
312,278,us,United States,1,Verizon Wireless
310,486,us,United States,1,Verizon Wireless
311,592,us,United States,1,Verizon Wireless
312,598,us,United States,1,Verizon Wireless
312,489,us,United States,1,Verizon Wireless
310,897,us,United States,1,Verizon Wireless
312,110,us,United States,1,Verizon Wireless
310,289,us,United States,1,Verizon Wireless
311,483,us,United States,1,Verizon Wireless
310,740,us,United States,1,Viaero Wireless
310,450,us,United States,1,Viaero Wireless
310,860,us,United States,1,West Central Wireless
748,01,uy,Uruguay,598,Antel Movil
748,10,uy,Uruguay,598,Claro
748,07,uy,Uruguay,598,Movistar
434,04,uz,Uzbekistan,998,Beeline
434,06,uz,Uzbekistan,998,Perfectum Mobile
434,05,uz,Uzbekistan,998,Ucell
434,07,uz,Uzbekistan,998,UMS
434,03,uz,Uzbekistan,998,UzMobile
541,05,vu,Vanuatu,678,Digicel
541,01,vu,Vanuatu,678,Smile
734,02,ve,Venezuela,58,Digitel
734,06,ve,Venezuela,58,Movilnet
734,04,ve,Venezuela,58,Movistar
452,07,vn,Vietnam,84,Gmobile
452,08,vn,Vietnam,84,I-Telecom
452,01,vn,Vietnam,84,MobiFone
452,09,vn,Vietnam,84,Reddi
452,05,vn,Vietnam,84,Vietnamobile
452,06,vn,Vietnam,84,Viettel
452,04,vn,Vietnam,84,Viettel
452,02,vn,Vietnam,84,VinaPhone
543,01,wf,Wallis and Futuna,,Manuia
421,01,ye,Yemen,967,SabaFon
421,02,ye,Yemen,967,Spacetel
421,04,ye,Yemen,967,Y
421,03,ye,Yemen,967,Yemen Mobile
645,01,zm,Zambia,260,Airtel
645,02,zm,Zambia,260,MTN
645,03,zm,Zambia,260,Zamtel
648,04,zw,Zimbabwe,263,Econet
648,01,zw,Zimbabwe,263,NetOne
648,03,zw,Zimbabwe,263,Telecel
